<?xml version="1.0" encoding="UTF-8"?>
<configuration scan="true" scanPeriod="30 seconds">

    <!-- To enable JMX Management -->
    <jmxConfigurator/>

    <appender name="file" class="ch.qos.logback.core.FileAppender">
        <file>${SIMPLE_BOOKING_SERVICE_ROOT}/log/sbs.log</file>

        <encoder>
            <charset>UTF-8</charset>
            <pattern>%date %-5level %logger{0} [%file:%line] %msg%n</pattern>
        </encoder>
    </appender>

    <appender name="console" class="ch.qos.logback.core.ConsoleAppender">
        <encoder>
            <charset>UTF-8</charset>
            <pattern>%-5level %logger{0} [%file:%line] %msg%n</pattern>
        </encoder>
    </appender>

    <category name="org.springframework.jdbc.core.JdbcTemplate">
        <priority value="debug" />
    </category>

    <logger name="com.kirak" level="debug"/>
    <!--<logger name="org.springframework.web.servlet" level="debug"/>-->
    <logger name="org.springframework.web.servlet.mvc.method.annotation.ExceptionHandlerExceptionResolver" level="debug"/>


    <root level="info">
        <appender-ref ref="file"/>
        <appender-ref ref="console"/>
    </root>
</configuration>
