<beans:beans xmlns="http://www.springframework.org/schema/security"
             xmlns:beans="http://www.springframework.org/schema/beans"
             xmlns:xsi="http://www.w3.org/2001/XMLSchema-instance"
             xsi:schemaLocation="http://www.springframework.org/schema/beans
	http://www.springframework.org/schema/beans/spring-beans.xsd
	http://www.springframework.org/schema/security
	http://www.springframework.org/schema/security/spring-security.xsd">

    <http pattern="/resources/**" security="none"/>
    <http pattern="/webjars/**" security="none"/>

    <http>
        <intercept-url pattern="/login" access="isAnonymous()"/>
        <intercept-url pattern="/register" access="isAnonymous()"/>
        <intercept-url pattern="/admin/**" access="hasRole('ROLE_ADMIN')"/>
        <intercept-url pattern="/hotel_manager/**" access="hasRole('ROLE_MANAGER')"/>
        <intercept-url pattern="/user/**" access="isAuthenticated()"/>

        <form-login login-page="/login"
                    default-target-url="/index"

                    authentication-failure-url="/login?error=true"
                    login-processing-url="/spring_security_check"/>
        <logout logout-success-url="/index"/>
        <!--<csrf disabled="true"/>-->
    </http>

    <beans:bean class="com.kirak.util.PasswordUtil" id="passwordEncoder" factory-method="getPasswordEncoder"/>

    <authentication-manager>
        <authentication-provider user-service-ref="userService">
            <password-encoder ref="passwordEncoder"/>
            <!--   For Tests
                 <jdbc-user-service data-source-ref="dataSource"
                                           users-by-username-query="SELECT email, password, enabled FROM users WHERE email = ?"
                                           authorities-by-username-query="
                                                                   SELECT u.email, r.role FROM users u, user_roles r WHERE u.id = r.user_id AND u.email = ?"
                        />
                        <user-service>
                            <user name="user@yandex.ru" password="password" authorities="ROLE_USER"/>
                            <user name="admin@gmail.com" password="admin" authorities="ROLE_ADMIN"/>
                        </user-service>
            -->
        </authentication-provider>
    </authentication-manager>

</beans:beans>