<?xml version="1.0" encoding="UTF-8"?>
<beans xmlns:xsi="http://www.w3.org/2001/XMLSchema-instance"
       xmlns:context="http://www.springframework.org/schema/context"
       xmlns:p="http://www.springframework.org/schema/p"
       xmlns:mvc="http://www.springframework.org/schema/mvc" xmlns="http://www.springframework.org/schema/beans"
       xmlns:security="http://www.springframework.org/schema/security"
       xsi:schemaLocation="http://www.springframework.org/schema/beans http://www.springframework.org/schema/beans/spring-beans.xsd
       http://www.springframework.org/schema/context http://www.springframework.org/schema/context/spring-context.xsd
       http://www.springframework.org/schema/mvc http://www.springframework.org/schema/mvc/spring-mvc.xsd
       http://www.springframework.org/schema/security http://www.springframework.org/schema/security/spring-security.xsd">

    <bean class="com.kirak.web.json.JacksonObjectMapper" id="objectMapper" factory-method="getMapper"/>

    <mvc:resources mapping="/webjars/**" location="classpath:/META-INF/resources/webjars/"/>
    <mvc:resources mapping="/resources/**" location="/resources/"/>

    <!--changed for linux deployment-->
    <mvc:resources mapping="/images/**" location="file:/booking_demo/resources/uploaded_images/"/>

    <mvc:default-servlet-handler/>
    <mvc:annotation-driven/>

    <context:component-scan base-package="com.kirak.**.web"/>
    <context:component-scan base-package="com.kirak.to"/>

    <security:global-method-security secured-annotations="enabled" pre-post-annotations="enabled"/>

    <mvc:annotation-driven conversion-service="conversionService">
        <mvc:message-converters>
            <bean class="org.springframework.http.converter.json.MappingJackson2HttpMessageConverter">
                <property name="objectMapper" ref="objectMapper"/>
            </bean>
            <bean class="org.springframework.http.converter.StringHttpMessageConverter">
                <property name="supportedMediaTypes">
                    <list>
                        <value>text/plain;charset=UTF-8</value>
                        <value>text/html;charset=UTF-8</value>
                    </list>
                </property>
            </bean>
        </mvc:message-converters>
        <mvc:argument-resolvers>
            <bean class="org.springframework.security.web.method.annotation.AuthenticationPrincipalArgumentResolver "/>
        </mvc:argument-resolvers>
    </mvc:annotation-driven>

    <bean class="org.springframework.web.servlet.view.InternalResourceViewResolver"
          p:prefix="/WEB-INF/view/"
          p:suffix=".jsp"/>

    <bean id="messageSource" class="org.springframework.context.support.ResourceBundleMessageSource"
          p:cacheSeconds="6"
          p:defaultEncoding="UTF-8">
        <property name="basename" value="application"/>
        <property name="fallbackToSystemLocale" value="false"/>
    </bean>

    <!--<property name="basenames" value="file:///#{systemEnvironment['BOOKING_SERVICE_ROOT']}/config/messages/application"/>-->

    <bean id="localeResolver" class="org.springframework.web.servlet.i18n.CookieLocaleResolver">
        <property name="defaultLocale" value="ru"/>
    </bean>

    <mvc:interceptors>
        <bean id="localeChangeInterceptor" class="org.springframework.web.servlet.i18n.LocaleChangeInterceptor">
            <property name="paramName" value="lang"/>
        </bean>
    </mvc:interceptors>

    <bean class="org.springframework.format.support.FormattingConversionServiceFactoryBean" id="conversionService">
        <property name="formatters">
            <set>
                <bean class="com.kirak.util.DateTimeFormatters.LocalTimeFormatter"/>
                <bean class="com.kirak.util.DateTimeFormatters.LocalDateFormatter"/>
            </set>
        </property>
    </bean>

    <bean id="multipartResolver" class="org.springframework.web.multipart.commons.CommonsMultipartResolver">
        <!-- one of the several properties available; the maximum file size in bytes -->
        <property name="maxUploadSizePerFile" value="5242880"/>
    </bean>

</beans>