<?xml version="1.0" encoding="UTF-8"?>
<beans xmlns="http://www.springframework.org/schema/beans"
       xmlns:xsi="http://www.w3.org/2001/XMLSchema-instance" xmlns:jdbc="http://www.springframework.org/schema/jdbc"
       xmlns:context="http://www.springframework.org/schema/context" xmlns:p="http://www.springframework.org/schema/p"
       xmlns:jee="http://www.springframework.org/schema/jee" xmlns:jpa="http://www.springframework.org/schema/data/jpa"
       xsi:schemaLocation="http://www.springframework.org/schema/beans http://www.springframework.org/schema/beans/spring-beans.xsd http://www.springframework.org/schema/jdbc http://www.springframework.org/schema/jdbc/spring-jdbc.xsd http://www.springframework.org/schema/context http://www.springframework.org/schema/context/spring-context.xsd http://www.springframework.org/schema/jee http://www.springframework.org/schema/jee/spring-jee.xsd http://www.springframework.org/schema/data/jpa http://www.springframework.org/schema/data/jpa/spring-jpa.xsd">


    <!--<jdbc:initialize-database data-source="dataSource" enabled="${database.init}">-->
        <!--<jdbc:script location="classpath:db/${jdbc.initLocation}"/>-->
        <!--<jdbc:script encoding="utf-8" location="classpath:db/populateDb.sql"/>-->
    <!--</jdbc:initialize-database>-->

    <beans profile="mysql">
        <context:property-placeholder location="classpath:properties/mysql.properties" system-properties-mode="OVERRIDE"/>

        <bean id="dataSource"
              class="org.apache.tomcat.jdbc.pool.DataSource"
              p:driverClassName="com.mysql.jdbc.Driver"
              p:url="${database.url}"
              p:username="${database.username}"
              p:password="${database.password}"/>
    </beans>

    <beans profile="tomcat">
        <jee:jndi-lookup id="dataSource" jndi-name="java:comp/env/jdbc/simple-booking-service"/>
        <context:property-placeholder location="classpath:properties/tomcat.properties" system-properties-mode="OVERRIDE"/>
    </beans>


    <beans profile="datajpa">
        <context:component-scan base-package="com.kirak.**.repository.datajpa"/>
        <jpa:repositories base-package="com.kirak.**.repository.datajpa"/>

        <bean id="entityManagerFactory" class="org.springframework.orm.jpa.LocalContainerEntityManagerFactoryBean"
              p:dataSource-ref="dataSource"
              p:packagesToScan="com.kirak.**.model">
            <!--p:persistenceUnitName="persistenceUnit">-->

            <property name="jpaPropertyMap">
                <map>
                    <entry key="#{T(org.hibernate.cfg.AvailableSettings).FORMAT_SQL}" value="${hibernate.format_sql}"/>
                    <entry key="#{T(org.hibernate.cfg.AvailableSettings).USE_SQL_COMMENTS}"
                           value="${hibernate.use_sql_comments}"/>
                    <entry key="#{T(org.hibernate.cfg.AvailableSettings).ENABLE_LAZY_LOAD_NO_TRANS}" value="${hibernate.enable_lazy_load_no_trans}"/>
                    <entry key="#{T(org.hibernate.cfg.AvailableSettings).CACHE_REGION_FACTORY}" value="org.hibernate.cache.ehcache.SingletonEhCacheRegionFactory"/>
                    <entry key="#{T(org.hibernate.cfg.AvailableSettings).USE_SECOND_LEVEL_CACHE}" value="true"/>
                    <entry key="#{T(org.hibernate.cfg.AvailableSettings).USE_QUERY_CACHE}" value="false"/> <!--default-->
                    <entry key="#{T(org.hibernate.cache.ehcache.AbstractEhcacheRegionFactory).NET_SF_EHCACHE_CONFIGURATION_RESOURCE_NAME}" value="cache/ehcache.xml"/>
                </map>
            </property>

            <property name="jpaVendorAdapter">
                <bean class="org.springframework.orm.jpa.vendor.HibernateJpaVendorAdapter"
                      p:showSql="${jpa.showSql}">
                </bean>
            </property>
        </bean>

        <!-- Transaction manager for a single JPA EntityManagerFactory (alternative to JTA) -->
        <bean id="transactionManager" class="org.springframework.orm.jpa.JpaTransactionManager"
              p:entityManagerFactory-ref="entityManagerFactory"/>

    </beans>


</beans>